userAccuracy,opponentAccuracy,gameUrl,gameId,timeClass,fen,userColor,userRating,opponent,opponentRating,opponentUrl,result,wonBy,date,openingUrl,opening,startTime,endTime,outcome,moveCount
78.68,74.29,https://www.chess.com/game/live/692670646?ref_id=74104030,692670646,blitz,8/8/7p/7P/1p6/pBkpp2b/8/4K3 w - -,black,2438,Godswill,2163,https://www.chess.com/member/Godswill,win,timeout,2014.01.06,https://www.chess.com/openings/Indian-Game-Accelerated-Variation-3.Nc3-Bb7-4.f3,Indian Game Accelerated Variation 3.Nc3 Bb7 4.f3,23:54:43,0:00:32,54,timeout
92.29,83.1,https://www.chess.com/game/live/692667823?ref_id=74104030,692667823,blitz,6k1/1p2R3/p1p5/8/2P1B3/1P1P1p1P/P6K/8 b - -,white,2354,Godswill,2167,https://www.chess.com/member/Godswill,win,resigned,2014.01.06,https://www.chess.com/openings/Vienna-Game-Max-Lange-Paulsen-Variation-3...g6-4.Bg2-Bg7,Vienna Game Max Lange Paulsen Variation 3...g6 4.Bg2 Bg7,23:50:17,23:54:39,36,resigned
76.61,89.63,https://www.chess.com/game/live/692709077?ref_id=74104030,692709077,blitz,2r1r3/p5Q1/5p2/1pp1kPp1/4p3/1P1b2P1/P5B1/qNK4R w - -,white,2491,Dmitriy_From_Russia,2272,https://www.chess.com/member/Dmitriy_From_Russia,resigned,,2014.01.07,https://www.chess.com/openings/Kings-Fianchetto-Opening,Kings Fianchetto Opening,0:57:07,1:00:35,32,resigned
83.76,79.54,https://www.chess.com/game/live/692711265?ref_id=74104030,692711265,blitz,8/7p/6p1/1p6/p1pnk3/P7/1P4KP/3B4 w - -,black,2523,Dmitriy_From_Russia,2268,https://www.chess.com/member/Dmitriy_From_Russia,win,resigned,2014.01.07,https://www.chess.com/openings/Owens-Defense,Owens Defense,1:00:52,1:05:23,46,resigned
88.4,87.83,https://www.chess.com/game/live/692702800?ref_id=74104030,692702800,blitz,8/8/4B3/4kp2/7p/3K4/8/8 w - -,black,2556,Dmitriy_From_Russia,2263,https://www.chess.com/member/Dmitriy_From_Russia,win,timeout,2014.01.07,https://www.chess.com/openings/English-Opening-1...d6,English Opening 1...d6,0:46:24,0:52:10,60,timeout
89.23,87.22,https://www.chess.com/game/live/692715127?ref_id=74104030,692715127,blitz,8/2k5/1p1r4/p1p1K3/P1P5/1P6/8/8 w - -,black,2568,Dmitriy_From_Russia,2262,https://www.chess.com/member/Dmitriy_From_Russia,win,resigned,2014.01.07,https://www.chess.com/openings/English-Opening-Symmetrical-Variation-2.b3-Nc6-3.Bb2,English Opening Symmetrical Variation 2.b3 Nc6 3.Bb2,1:07:35,1:13:22,80,resigned
89.74,75.89,https://www.chess.com/game/live/692706463?ref_id=74104030,692706463,blitz,r2q2rk/1pp2p2/p6Q/2PPpP2/n3N1Pp/P7/6B1/5RK1 b - -,white,2590,Dmitriy_From_Russia,2260,https://www.chess.com/member/Dmitriy_From_Russia,win,checkmate,2014.01.07,https://www.chess.com/openings/Indian-Game-Tartakower-Attack...4.e4-d6-5.Ne2-O-O-6.O-O,Indian Game Tartakower Attack...4.e4 d6 5.Ne2 O O 6.O O,0:52:56,0:55:45,30,checkmated
90.62,81.39,https://www.chess.com/game/live/692714070?ref_id=74104030,692714070,blitz,r1b1n3/1p2qkr1/p1pPp1pR/4Pp2/5N2/6P1/PPPQ2B1/2K4R b - -,white,2548,Dmitriy_From_Russia,2265,https://www.chess.com/member/Dmitriy_From_Russia,win,resigned,2014.01.07,https://www.chess.com/openings/Pirc-Defense-Main-Line-Austrian-Unzicker-Attack-6...dxe5-7.fxe5,Pirc Defense Main Line Austrian Unzicker Attack 6...dxe5 7.fxe5,1:05:40,1:07:17,24,resigned
92.53,61.02,https://www.chess.com/game/live/692708473?ref_id=74104030,692708473,blitz,rnbqk1nr/ppp1p1bp/3p2p1/6N1/4P3/8/PPPP1PPP/RNBQK2R w KQ -,black,2616,Dmitriy_From_Russia,2258,https://www.chess.com/member/Dmitriy_From_Russia,win,resigned,2014.01.07,https://www.chess.com/openings/Pirc-Defense-2.Bc4,Pirc Defense 2.Bc4,0:56:09,0:56:38,5,resigned
94.41,86.88,https://www.chess.com/game/live/692700868?ref_id=74104030,692700868,blitz,2R5/1p3rkp/1B1p1bp1/p2Pp3/P3B3/6PP/5P1K/8 b - -,white,2509,Dmitriy_From_Russia,2266,https://www.chess.com/member/Dmitriy_From_Russia,win,resigned,2014.01.07,https://www.chess.com/openings/Kings-Indian-Defense-Fianchetto-Variation-4...O-O-5.e4-d6-6.Ne2,Kings Indian Defense Fianchetto Variation 4...O O 5.e4 d6 6.Ne2,0:43:10,0:46:10,34,resigned
76.85,76.2,https://www.chess.com/game/live/719836760?ref_id=74104030,719836760,blitz,5R2/8/1p2k1r1/1P6/3KP3/8/8/8 b - -,white,2678,MiniJava,2397,https://www.chess.com/member/MiniJava,win,resigned,2014.02.06,https://www.chess.com/openings/Indian-Game-2.Bf4-g6,Indian Game 2.Bf4 g6,20:54:24,21:00:36,55,resigned
78.01,70.07,https://www.chess.com/game/live/719856517?ref_id=74104030,719856517,blitz,4r2b/rppk3p/2n1p1pP/pB2P1P1/3P1N2/R4PK1/1PR5/8 b - -,white,2737,MiniJava,2384,https://www.chess.com/member/MiniJava,win,resigned,2014.02.06,https://www.chess.com/openings/Indian-Game-2.Bf4-g6,Indian Game 2.Bf4 g6,21:19:01,21:22:25,31,resigned
86.43,77.8,https://www.chess.com/game/live/719860479?ref_id=74104030,719860479,blitz,8/1pR4p/5k2/1PBp4/8/3r1P2/r1pp3P/3R3K w - -,black,2744,MiniJava,2382,https://www.chess.com/member/MiniJava,win,resigned,2014.02.06,https://www.chess.com/openings/Queens-Gambit-Declined-Queens-Knight-Variation...5.Bf4-c6-6.e3-Be7-7.Bd3-O-O,Queens Gambit Declined Queens Knight Variation...5.Bf4 c6 6.e3 Be7 7.Bd3 O O,21:24:11,21:29:00,43,resigned
87.4,76.54,https://www.chess.com/game/live/719844367?ref_id=74104030,719844367,blitz,2r4r/5pp1/k1p5/3p2Pp/5P1P/1R2P3/1P2K3/2R5 b - -,white,2702,MiniJava,2392,https://www.chess.com/member/MiniJava,win,resigned,2014.02.06,https://www.chess.com/openings/Queens-Pawn-Opening-Accelerated-London-System-2...Nf6-3.e3-c6-4.c4,Queens Pawn Opening Accelerated London System 2...Nf6 3.e3 c6 4.c4,21:03:53,21:07:38,34,resigned
87.62,78.47,https://www.chess.com/game/live/719864810?ref_id=74104030,719864810,blitz,r2b3Q/5kqR/3p1p2/pPpPpP2/P1n1B3/2B2P2/4K3/8 b - -,white,2751,MiniJava,2380,https://www.chess.com/member/MiniJava,win,resigned,2014.02.06,https://www.chess.com/openings/Indian-Game-2.Bf4-b6,Indian Game 2.Bf4 b6,21:29:44,21:33:52,41,resigned
88.63,77.3,https://www.chess.com/game/live/719828216?ref_id=74104030,719828216,blitz,3qrr1k/1p3p1p/p2p1Pp1/3p4/2NPpP1Q/2P1P1NB/PP3K2/7R b - -,white,2646,MiniJava,2403,https://www.chess.com/member/MiniJava,win,resigned,2014.02.06,https://www.chess.com/openings/Indian-Game-2.Bf4-e6-3.e3-d5-4.Bd3,Indian Game 2.Bf4 e6 3.e3 d5 4.Bd3,20:43:15,20:46:14,23,resigned
88.9,78.15,https://www.chess.com/game/live/719825408?ref_id=74104030,719825408,blitz,5k1r/p1qb4/Qrnp4/p1p2p1n/2P3pB/2PP2P1/1P2N1BP/4R2K w - -,black,2625,MiniJava,2407,https://www.chess.com/member/MiniJava,win,resigned,2014.02.06,https://www.chess.com/openings/English-Opening-Fianchetto-Ultra-Symmetrical-Line-5.Nf3-d6-6.a3,English Opening Fianchetto Ultra Symmetrical Line 5.Nf3 d6 6.a3,20:39:51,20:42:50,26,resigned
90.17,81.51,https://www.chess.com/game/live/719847948?ref_id=74104030,719847948,blitz,4r3/kpb2p2/p1p4p/2Pp4/3PbNq1/5Rp1/PP1Q2B1/K1N5 w - -,black,2712,MiniJava,2390,https://www.chess.com/member/MiniJava,win,resigned,2014.02.06,https://www.chess.com/openings/Slav-Defense-Modern-Chameleon-Advance-System,Slav Defense Modern Chameleon Advance System,21:08:23,21:12:31,41,resigned
91.74,79.61,https://www.chess.com/game/live/719842345?ref_id=74104030,719842345,blitz,1r4k1/4q1b1/2pp3p/2p2b2/prP3nP/Q1N3P1/PP1NP3/1K1R2BR w - -,black,2691,MiniJava,2394,https://www.chess.com/member/MiniJava,win,resigned,2014.02.06,https://www.chess.com/openings/English-Opening-Fianchetto-Ultra-Symmetrical-Line-5.d3-d6-6.Nf3,English Opening Fianchetto Ultra Symmetrical Line 5.d3 d6 6.Nf3,21:01:08,21:03:10,23,resigned
93.67,73.72,https://www.chess.com/game/live/719851816?ref_id=74104030,719851816,blitz,rn2k2r/pp3ppp/5n2/1N1pB3/1b1p2b1/2P1PP2/PP1K2PP/R4BNR b kq -,white,2721,MiniJava,2388,https://www.chess.com/member/MiniJava,win,resigned,2014.02.06,https://www.chess.com/openings/Queens-Pawn-Opening-Chigorin-Variation...3.Bf4-c5-4.e3-cxd4,Queens Pawn Opening Chigorin Variation...3.Bf4 c5 4.e3 cxd4,21:12:51,21:14:27,10,resigned
94.19,76.19,https://www.chess.com/game/live/719821503?ref_id=74104030,719821503,blitz,8/pbpk4/1p6/nP1p1r2/P1PR4/N5Pq/2Q4P/4R1K1 b - -,white,2600,MiniJava,2411,https://www.chess.com/member/MiniJava,win,resigned,2014.02.06,https://www.chess.com/openings/Indian-Game-2.Bf4-b6,Indian Game 2.Bf4 b6,20:35:15,20:39:17,37,resigned
94.31,82.95,https://www.chess.com/game/live/719853307?ref_id=74104030,719853307,blitz,6k1/8/5R1p/2b2p2/5Pp1/6P1/1P1n1N1P/3r1BK1 w - -,black,2729,MiniJava,2386,https://www.chess.com/member/MiniJava,win,resigned,2014.02.06,https://www.chess.com/openings/English-Opening-Fianchetto-Ultra-Symmetrical-Line-5.Nf3-d6-6.a3,English Opening Fianchetto Ultra Symmetrical Line 5.Nf3 d6 6.a3,21:15:09,21:18:24,37,resigned
94.94,88.7,https://www.chess.com/game/live/719830981?ref_id=74104030,719830981,blitz,8/8/4K3/8/1b6/1k6/8/q7 w - -,black,2663,MiniJava,2400,https://www.chess.com/member/MiniJava,win,resigned,2014.02.06,https://www.chess.com/openings/Ruy-Lopez-Opening-Berlin-lHermet-Berlin-Wall-Defense-9.Nc3-Bd7-10.b3,Ruy Lopez Opening Berlin lHermet Berlin Wall Defense 9.Nc3 Bd7 10.b3,20:47:21,20:53:32,70,resigned
74.12,65.38,https://www.chess.com/game/live/724351285?ref_id=74104030,724351285,blitz,5rk1/p3R3/1p4pQ/1Bp3p1/1qP5/7P/PP4bK/8 b - -,white,2747,whatbecause,2339,https://www.chess.com/member/whatbecause,win,timeout,2014.02.11,https://www.chess.com/openings/Modern-Defense-Standard-Pseudo-Austrian-Attack-4...Nd7-5.Nf3,Modern Defense Standard Pseudo Austrian Attack 4...Nd7 5.Nf3,21:17:05,21:23:07,32,timeout
74.93,78.87,https://www.chess.com/game/live/723581494?ref_id=74104030,723581494,blitz,5k1R/8/3NpP2/3bP3/p2P3p/P1p2p1K/8/6r1 b - -,black,2742,Eilyisum,2620,https://www.chess.com/member/Eilyisum,agreed,,2014.02.11,https://www.chess.com/openings/Owens-Defense-2.d4-Bb7-3.Bd3-e6,Owens Defense 2.d4 Bb7 3.Bd3 e6,0:26:09,0:31:49,52,agreed
88.17,77.48,https://www.chess.com/game/live/724359392?ref_id=74104030,724359392,blitz,4r3/5p1k/p1p3pp/Pp2Pnn1/1P1r4/6q1/5RB1/2R1Q1K1 b - -,black,2699,EndgameAttack,2223,https://www.chess.com/member/EndgameAttack,timeout,,2014.02.11,https://www.chess.com/openings/Caro-Kann-Defense-Gurgenidze-System-4.Nf3-Bg7-5.Be2-Bg4-6.Be3,Caro Kann Defense Gurgenidze System 4.Nf3 Bg7 5.Be2 Bg4 6.Be3,21:27:18,21:33:28,42,timeout
66.17,88.61,https://www.chess.com/game/live/744140671?ref_id=74104030,744140671,blitz,1r1k3r/p4Rbp/2p3n1/2B1p3/2P3Q1/3p4/PP4PP/6K1 b - -,black,2637,Matetricks,2533,https://www.chess.com/member/Matetricks,resigned,,2014.03.06,https://www.chess.com/openings/Sicilian-Defense-Nyezhmetdinov-Rossolimo-Attack-3...e6-4.Bxc6-bxc6-5.d3,Sicilian Defense Nyezhmetdinov Rossolimo Attack 3...e6 4.Bxc6 bxc6 5.d3,1:16:10,1:20:05,24,resigned
70.29,80.02,https://www.chess.com/game/live/744152200?ref_id=74104030,744152200,blitz,2R5/1r2R1p1/2kp2q1/3r4/2p4p/P1P1Q2P/1P4P1/K7 b - -,black,2621,DanielRensch,2416,https://www.chess.com/member/DanielRensch,resigned,,2014.03.06,https://www.chess.com/openings/Sicilian-Defense-Open-Najdorf-English-Attack...8.f3-h5-9.Qd2-Nbd7,Sicilian Defense Open Najdorf English Attack...8.f3 h5 9.Qd2 Nbd7,1:37:42,1:42:06,40,resigned
71.96,64.73,https://www.chess.com/game/live/744146943?ref_id=74104030,744146943,blitz,r3k1r1/pb1R1p1p/1p2pBp1/4P3/2q4N/2N5/PPP2PPP/3R2K1 b q -,white,2640,Mace-Windu,1948,https://www.chess.com/member/Mace-Windu,win,resigned,2014.03.06,https://www.chess.com/openings/Sicilian-Defense-Nyezhmetdinov-Rossolimo-Attack-3...Qb6,Sicilian Defense Nyezhmetdinov Rossolimo Attack 3...Qb6,1:27:39,1:30:20,18,resigned
72.15,72.8,https://www.chess.com/game/live/744116471?ref_id=74104030,744116471,blitz,2b5/1p3k1Q/4rbp1/2pB4/q1P5/3Pp1PP/2r5/2R4K b - -,white,2721,gmjoey1,2334,https://www.chess.com/member/gmjoey1,win,timeout,2014.03.06,https://www.chess.com/openings/Caro-Kann-Defense-Breyer-Variation...6.Bg2-O-O-7.O-O-Re8-8.Re1,Caro Kann Defense Breyer Variation...6.Bg2 O O 7.O O Re8 8.Re1,0:33:02,0:39:11,46,timeout
74.32,97.8,https://www.chess.com/game/live/744137960?ref_id=74104030,744137960,blitz,3rrqk1/bpp2ppn/p1b4N/4p2Q/4N3/1BPP3P/PP3PP1/R1BR2K1 b - -,black,2649,Matetricks,2526,https://www.chess.com/member/Matetricks,resigned,,2014.03.06,https://www.chess.com/openings/Giuoco-Piano-Game-Main-Line-Giuoco-Pianissimo-Variation...6.Bb3-d6-7.Nbd2-Ba7-8.h3,Giuoco Piano Game Main Line Giuoco Pianissimo Variation...6.Bb3 d6 7.Nbd2 Ba7 8.h3,1:11:13,1:13:24,21,resigned
77.24,91.24,https://www.chess.com/game/live/744130030?ref_id=74104030,744130030,blitz,6k1/5p2/4p3/p2pPbp1/2pP3p/P3PB1P/1r3rP1/R1R1K3 b - -,white,2650,medinapazmiguel1968,2330,https://www.chess.com/member/medinapazmiguel1968,resigned,,2014.03.06,https://www.chess.com/openings/Queens-Pawn-Opening-Stonewall-Attack-3...c5-4.c3-Nc6-5.f4,Queens Pawn Opening Stonewall Attack 3...c5 4.c3 Nc6 5.f4,0:56:52,1:00:11,34,resigned
80.32,90.04,https://www.chess.com/game/live/744120175?ref_id=74104030,744120175,blitz,r4r2/3n1pk1/p5p1/n2QP2p/3P4/8/6P1/1R1R2K1 b - -,black,2678,gmjoey1,2348,https://www.chess.com/member/gmjoey1,resigned,,2014.03.06,https://www.chess.com/openings/Kings-Pawn-Opening-St-George-Polish-Variation-5.O-O,Kings Pawn Opening St George Polish Variation 5.O O,0:39:36,0:42:52,29,resigned
82.68,69.4,https://www.chess.com/game/live/744148776?ref_id=74104030,744148776,blitz,5r1k/3b1p2/p2q1P1p/3N4/2np2pQ/P1R5/6BP/3R2K1 b - -,white,2647,DanielRensch,2401,https://www.chess.com/member/DanielRensch,win,resigned,2014.03.06,https://www.chess.com/openings/Trompowsky-Attack-Classical-Big-Center-Variation...4.Bxf6-Qxf6-5.c3-d6-6.Bd3,Trompowsky Attack Classical Big Center Variation...4.Bxf6 Qxf6 5.c3 d6 6.Bd3,1:31:15,1:36:23,33,resigned
84.19,76.23,https://www.chess.com/game/live/744127123?ref_id=74104030,744127123,blitz,4b1k1/8/4pr1p/r2p1Pp1/P1pP4/6R1/2n1QRPP/2q1N1K1 w - -,black,2689,medinapazmiguel1968,2312,https://www.chess.com/member/medinapazmiguel1968,win,resigned,2014.03.06,https://www.chess.com/openings/French-Defense-St-George-Defense...4.Bd3-c5-5.c3-Bb7-6.O-O,French Defense St George Defense...4.Bd3 c5 5.c3 Bb7 6.O O,0:51:38,0:56:35,29,resigned
84.97,71.89,https://www.chess.com/game/live/744124460?ref_id=74104030,744124460,blitz,2r3k1/p6p/2P1Q1p1/q3P3/1R4P1/1K6/8/7R b - -,white,2684,medinapazmiguel1968,2314,https://www.chess.com/member/medinapazmiguel1968,win,resigned,2014.03.06,https://www.chess.com/openings/Indian-Game-2.e3-e6-3.Bd3,Indian Game 2.e3 e6 3.Bd3,0:46:59,0:51:30,35,resigned
89.43,81.41,https://www.chess.com/game/live/744134092?ref_id=74104030,744134092,blitz,8/5bK1/8/8/2kp4/8/1pp5/6R1 w - -,black,2664,Matetricks,2518,https://www.chess.com/member/Matetricks,win,resigned,2014.03.06,https://www.chess.com/openings/French-Defense-Classical-MacCutcheon-Advance-Lasker-Variation...8.Qg4-g6-9.Bd3-Nxd2-10.Kxd2-c5,French Defense Classical MacCutcheon Advance Lasker Variation...8.Qg4 g6 9.Bd3 Nxd2 10.Kxd2 c5,1:04:14,1:09:33,53,resigned
89.7,70.14,https://www.chess.com/game/live/744137122?ref_id=74104030,744137122,blitz,R1k2bnr/1p1rpppp/8/1q6/8/3P1B1P/2P2PP1/2BQ1K1R b - -,white,2676,Matetricks,2512,https://www.chess.com/member/Matetricks,win,resigned,2014.03.06,https://www.chess.com/openings/Sicilian-Defense-2.Nf3-d6,Sicilian Defense 2.Nf3 d6,1:09:37,1:11:00,16,resigned
90.06,84.35,https://www.chess.com/game/live/744145247?ref_id=74104030,744145247,blitz,8/6k1/8/4pp2/3p2pP/6P1/2r5/3R2K1 w - -,black,2639,StormGiant58,1902,https://www.chess.com/member/StormGiant58,win,resigned,2014.03.06,https://www.chess.com/openings/Alekhines-Defense-Modern-Alburt-Variation...11.b3-d5-12.c5-Nc8,Alekhines Defense Modern Alburt Variation...11.b3 d5 12.c5 Nc8,1:24:32,1:27:28,42,resigned
91.23,81.43,https://www.chess.com/game/live/744122487?ref_id=74104030,744122487,blitz,r3k2r/1b3p2/4p3/ppbpP1pp/2pq4/P4PP1/1P1N1QP1/RN2RBK1 w kq -,black,2679,riomusical,1941,https://www.chess.com/member/riomusical,win,resigned,2014.03.06,https://www.chess.com/openings/French-Defense-St-George-Defense...4.Bd3-c5-5.c3-Bb7-6.O-O,French Defense St George Defense...4.Bd3 c5 5.c3 Bb7 6.O O,0:43:28,0:45:55,20,resigned
92.7,80,https://www.chess.com/game/live/744155019?ref_id=74104030,744155019,blitz,r3kr2/pp2bpR1/2p1pn2/q3P2p/8/1B5P/PPPBQP2/R3K3 b Qq -,white,2621,anewuser36,1613,https://www.chess.com/member/anewuser36,win,resigned,2014.03.06,https://www.chess.com/openings/Scandinavian-Defense-Closed-2...dxe4-3.Nxe4-Bf5,Scandinavian Defense Closed 2...dxe4 3.Nxe4 Bf5,1:42:56,1:45:28,17,resigned
93.02,85.98,https://www.chess.com/game/live/744139222?ref_id=74104030,744139222,blitz,1r4Q1/8/1P3p1p/1K3P1P/1P1k4/4p1R1/8/8 b - -,white,2661,Matetricks,2520,https://www.chess.com/member/Matetricks,win,resigned,2014.03.06,https://www.chess.com/openings/Sicilian-Defense-Chekhover-Variation...8.Bg5-e6-9.O-O-O-Be7-10.Qd3,Sicilian Defense Chekhover Variation...8.Bg5 e6 9.O O O Be7 10.Qd3,1:13:30,1:16:03,50,resigned
93.72,85.87,https://www.chess.com/game/live/744142998?ref_id=74104030,744142998,blitz,8/1r3k2/p1R3np/8/3B4/1P4P1/P4PKP/8 b - -,white,2638,Betablinx,1940,https://www.chess.com/member/Betablinx,win,resigned,2014.03.06,https://www.chess.com/openings/Sicilian-Defense-2.Nf3-d6-3.Nc3,Sicilian Defense 2.Nf3 d6 3.Nc3,1:20:26,1:23:48,34,resigned
95.77,86.61,https://www.chess.com/game/live/744112930?ref_id=74104030,744112930,blitz,8/p3Q2k/1p4pp/1qn1Np2/5P2/P3r1P1/2R3KP/8 b - -,white,2716,Yaacovn,2406,https://www.chess.com/member/Yaacovn,win,resigned,2014.03.06,https://www.chess.com/openings/English-Opening-Two-Knights-Variation-3.e3-Nc6-4.a3,English Opening Two Knights Variation 3.e3 Nc6 4.a3,0:26:41,0:32:03,41,resigned
95.9,73.2,https://www.chess.com/game/live/744109908?ref_id=74104030,744109908,blitz,8/1p2prBk/3p3p/5rp1/2P5/pP1b4/P5PP/4R1KR w - -,black,2708,Yaacovn,2408,https://www.chess.com/member/Yaacovn,win,resigned,2014.03.06,https://www.chess.com/openings/Old-Indian-Defense-Czech-Variation-4.Nf3,Old Indian Defense Czech Variation 4.Nf3,0:21:25,0:26:22,32,resigned
80.24,73.71,https://www.chess.com/game/live/750918780?ref_id=74104030,750918780,blitz,R7/4kP2/6K1/6p1/8/8/8/8 b - -,white,2635,smurfo,2387,https://www.chess.com/member/smurfo,win,resigned,2014.03.13,https://www.chess.com/openings/Queens-Pawn-Opening-Horwitz-Defense...4.Bg2-d5-5.O-O-c6,Queens Pawn Opening Horwitz Defense...4.Bg2 d5 5.O O c6,17:45:00,17:51:14,73,resigned
81.63,85.41,https://www.chess.com/game/live/751042677?ref_id=74104030,751042677,blitz,2R5/5p2/4p3/8/4K3/6rk/7p/8 b - -,white,2705,vovkcoach,2392,https://www.chess.com/member/vovkcoach,win,timeout,2014.03.13,https://www.chess.com/openings/French-Defense-Winawer-Advance-Bogoljubov-Variation...6.Nb5-Bxd2-7.Qxd2-O-O-8.c3,French Defense Winawer Advance Bogoljubov Variation...6.Nb5 Bxd2 7.Qxd2 O O 8.c3,20:22:09,20:28:28,81,timeout
83.89,87.7,https://www.chess.com/game/live/751056072?ref_id=74104030,751056072,blitz,8/5pk1/3p4/7p/2q3p1/4K1P1/7P/5Q1B b - -,white,2717,vovkcoach,2384,https://www.chess.com/member/vovkcoach,win,timeout,2014.03.13,https://www.chess.com/openings/Kings-Indian-Defense-Fianchetto-Yugoslav-Kavalek-Bronstein-Kavalek-Defense,Kings Indian Defense Fianchetto Yugoslav Kavalek Bronstein Kavalek Defense,20:39:15,20:44:25,50,timeout
85.01,77.04,https://www.chess.com/game/live/751047813?ref_id=74104030,751047813,blitz,r4r2/1p2q1k1/2p1pNpp/p7/P4R2/1Q6/1P4B1/6K1 w - -,black,2708,vovkcoach,2390,https://www.chess.com/member/vovkcoach,win,resigned,2014.03.13,https://www.chess.com/openings/Pirc-Defense-Main-Line...8.a4-a5-9.O-O-Na6,Pirc Defense Main Line...8.a4 a5 9.O O Na6,20:28:40,20:31:18,26,resigned
86.82,82.73,https://www.chess.com/game/live/751029102?ref_id=74104030,751029102,blitz,2R4r/6k1/8/2pK4/3b4/8/8/8 w - -,black,2693,vovkcoach,2398,https://www.chess.com/member/vovkcoach,win,resigned,2014.03.13,https://www.chess.com/openings/Dutch-Defense-Leningrad-Warsaw-Variation-8.b3-Qa5,Dutch Defense Leningrad Warsaw Variation 8.b3 Qa5,20:04:49,20:10:34,47,resigned
87.01,89.73,https://www.chess.com/game/live/751037600?ref_id=74104030,751037600,blitz,8/8/3KP3/8/8/2k5/R7/3r4 w - -,black,2701,vovkcoach,2394,https://www.chess.com/member/vovkcoach,win,timeout,2014.03.13,https://www.chess.com/openings/Dutch-Defense-Leningrad-Variation...5.Nf3-O-O-6.O-O-d6-7.b3,Dutch Defense Leningrad Variation...5.Nf3 O O 6.O O d6 7.b3,20:15:44,20:21:50,72,timeout
88.41,84.28,https://www.chess.com/game/live/751033736?ref_id=74104030,751033736,blitz,8/pp5k/2q4p/3R2p1/6P1/3Qp2P/P2n1RK1/8 b - -,white,2697,vovkcoach,2396,https://www.chess.com/member/vovkcoach,win,resigned,2014.03.13,https://www.chess.com/openings/French-Defense-Kings-Indian-Attack...7.O-O-Bg7-8.c3-O-O,French Defense Kings Indian Attack...7.O O Bg7 8.c3 O O,20:10:42,20:15:31,43,resigned
88.65,76.41,https://www.chess.com/game/live/750930638?ref_id=74104030,750930638,blitz,6rk/7R/7p/3pPpNP/5r2/n7/7K/8 b - -,white,2649,jacobiano,2408,https://www.chess.com/member/jacobiano,win,checkmate,2014.03.13,https://www.chess.com/openings/Queens-Pawn-Opening-Zukertort-Variation...4.Bg2-e6-5.O-O-Nbd7,Queens Pawn Opening Zukertort Variation...4.Bg2 e6 5.O O Nbd7,18:00:06,18:04:16,44,checkmated
88.88,82.43,https://www.chess.com/game/live/751050077?ref_id=74104030,751050077,blitz,8/8/7p/8/1Q6/p6P/k5PK/8 b - -,white,2711,vovkcoach,2388,https://www.chess.com/member/vovkcoach,win,resigned,2014.03.13,https://www.chess.com/openings/Indian-Game-Yusupov-Rubinstein-System...4.c4-d5-5.Nc3-a6-6.cxd5,Indian Game Yusupov Rubinstein System...4.c4 d5 5.Nc3 a6 6.cxd5,20:31:37,20:36:52,58,resigned
89.7,81.34,https://www.chess.com/game/live/750969234?ref_id=74104030,750969234,blitz,q7/5Rpk/2p4p/2NpPNb1/P2P2p1/2P5/2K3P1/7R b - -,white,2680,UnPolarizing,2306,https://www.chess.com/member/UnPolarizing,win,resigned,2014.03.13,https://www.chess.com/openings/Pirc-Defense-Czech-Defense-4.f4,Pirc Defense Czech Defense 4.f4,18:49:07,18:53:13,37,resigned
89.93,79.03,https://www.chess.com/game/live/750955148?ref_id=74104030,750955148,blitz,r6k/4n2p/PP4pb/4p1q1/4P3/R1P1NP2/4QP1P/2R4K b - -,white,2668,UnPolarizing,2314,https://www.chess.com/member/UnPolarizing,win,resigned,2014.03.13,https://www.chess.com/openings/Sicilian-Defense-Canal-Attack-3...Nd7-4.O-O-a6-5.Bd3,Sicilian Defense Canal Attack 3...Nd7 4.O O a6 5.Bd3,18:31:22,18:35:23,29,resigned
90.76,78.08,https://www.chess.com/game/live/750976218?ref_id=74104030,750976218,blitz,r4r1k/p5b1/1np1b1qp/3p2p1/4p1P1/2P5/PPQ2PPN/1N1RR1K1 w - -,black,2689,UnPolarizing,2300,https://www.chess.com/member/UnPolarizing,win,resigned,2014.03.13,https://www.chess.com/openings/Alekhines-Defense-Modern-Schmid-Variation,Alekhines Defense Modern Schmid Variation,18:57:56,19:01:20,23,resigned
91.34,77.91,https://www.chess.com/game/live/750962666?ref_id=74104030,750962666,blitz,8/7p/3p4/1B1P2Qk/4PPp1/7P/2r3PK/5R2 b - -,white,2674,UnPolarizing,2310,https://www.chess.com/member/UnPolarizing,win,checkmate,2014.03.13,https://www.chess.com/openings/Nimzowitsch-Larsen-Attack-Symmetrical-Variation-2.Bb2-Bb7,Nimzowitsch Larsen Attack Symmetrical Variation 2.Bb2 Bb7,18:40:57,18:45:42,38,checkmated
91.48,84.19,https://www.chess.com/game/live/751054353?ref_id=74104030,751054353,blitz,r1b2r2/1p2n1bk/p1Nq2pp/5p2/2P1p3/3P2P1/P2QPPBP/1R3RK1 w - -,black,2714,vovkcoach,2386,https://www.chess.com/member/vovkcoach,win,resigned,2014.03.13,https://www.chess.com/openings/Reti-Opening-Kingside-Fianchetto-Variation-2.c4-Bg7-3.g3,Reti Opening Kingside Fianchetto Variation 2.c4 Bg7 3.g3,20:37:01,20:39:01,17,resigned
91.95,88.44,https://www.chess.com/game/live/751065859?ref_id=74104030,751065859,blitz,2k5/8/2N3p1/1p1p1pPp/p2PnP2/P1P5/1P4P1/2K5 b - f3,white,2723,vovkcoach,2380,https://www.chess.com/member/vovkcoach,win,resigned,2014.03.13,https://www.chess.com/openings/French-Defense-Winawer-Advance-Variation-4...b6-5.Qg4-Bf8,French Defense Winawer Advance Variation 4...b6 5.Qg4 Bf8,20:51:45,20:55:22,38,resigned
92.14,79.02,https://www.chess.com/game/live/750952913?ref_id=74104030,750952913,blitz,r2q2kr/p1pp2pp/1p2Pn2/3N2B1/1bP4Q/2NB1n2/PP1K1P1P/R7 w - -,black,2665,UnPolarizing,2316,https://www.chess.com/member/UnPolarizing,win,resigned,2014.03.13,https://www.chess.com/openings/Queens-Pawn-Opening-English-Defense...4.e4-Bb4-5.Bd3-f5,Queens Pawn Opening English Defense...4.e4 Bb4 5.Bd3 f5,18:28:32,18:31:16,15,resigned
92.76,92.33,https://www.chess.com/game/live/751060300?ref_id=74104030,751060300,blitz,8/1KB5/6r1/8/2k5/8/8/8 w - -,black,2720,vovkcoach,2382,https://www.chess.com/member/vovkcoach,win,timeout,2014.03.13,https://www.chess.com/openings/Reti-Opening-Dutch-Variation-2.g3-g6-3.Bg2-Bg7,Reti Opening Dutch Variation 2.g3 g6 3.Bg2 Bg7,20:44:48,20:51:31,99,timeout
92.9,70.74,https://www.chess.com/game/live/750945468?ref_id=74104030,750945468,blitz,rnbqk2r/p3bp1p/1pp1p1pB/4P2n/3P2P1/3B1N1P/PPP2Q2/RN2K2R b KQkq g3,white,2653,UnPolarizing,2322,https://www.chess.com/member/UnPolarizing,win,resigned,2014.03.13,https://www.chess.com/openings/Pirc-Defense-2.d4-Nf6-3.Bd3,Pirc Defense 2.d4 Nf6 3.Bd3,18:19:01,18:20:13,12,resigned
94.8,81.08,https://www.chess.com/game/live/750973300?ref_id=74104030,750973300,blitz,r4q1k/pNpP2p1/Q6p/8/5r2/5N2/PPP2PPP/4R1K1 b - -,white,2686,UnPolarizing,2302,https://www.chess.com/member/UnPolarizing,win,resigned,2014.03.13,https://www.chess.com/openings/French-Defense-Exchange-Variation...4.Bd3-Bd6-5.Nf3-Nf6-6.O-O,French Defense Exchange Variation...4.Bd3 Bd6 5.Nf3 Nf6 6.O O,18:54:20,18:57:26,23,resigned
95.18,90.84,https://www.chess.com/game/live/750915048?ref_id=74104030,750915048,blitz,8/pRr2pk1/P1r1p3/3p3p/8/5NPP/1b3PK1/8 w - -,black,2628,smurfo,2390,https://www.chess.com/member/smurfo,win,resigned,2014.03.13,https://www.chess.com/openings/French-Defense-Advance-Paulsen-Milner-Barry-Gambit...7.cxd4-Bd7-8.O-O-Nxd4-9.Nbd2,French Defense Advance Paulsen Milner Barry Gambit...7.cxd4 Bd7 8.O O Nxd4 9.Nbd2,17:40:16,17:44:48,40,resigned
97.32,95.3,https://www.chess.com/game/live/750925442?ref_id=74104030,750925442,blitz,8/8/8/4K3/P4r2/4k3/8/8 w - -,black,2642,jacobiano,2411,https://www.chess.com/member/jacobiano,win,resigned,2014.03.13,https://www.chess.com/openings/French-Defense-Tarrasch-Closed-Main-Line...9.exf6-Qxf6-10.O-O-Bd6-11.Nf3,French Defense Tarrasch Closed Main Line...9.exf6 Qxf6 10.O O Bd6 11.Nf3,17:53:42,17:59:53,95,resigned
,,https://www.chess.com/game/live/750946525?ref_id=74104030,750946525,blitz,r3k2r/pp1nbR2/2p1p3/3p2P1/3PP1pN/1QP1q3/PP1N2P1/R5K1 w kq -,black,2657,UnPolarizing,2320,https://www.chess.com/member/UnPolarizing,win,resigned,2014.03.13,https://www.chess.com/openings/Queens-Pawn-Opening-Levitsky-Attack-2...c6,Queens Pawn Opening Levitsky Attack 2...c6,18:20:18,18:23:25,18,resigned
,,https://www.chess.com/game/live/750949056?ref_id=74104030,750949056,blitz,6rk/3bp3/1p1p1nqp/pNpP1p2/P1P2PP1/3B3P/3Q1B1K/6R1 w - -,white,2661,UnPolarizing,2318,https://www.chess.com/member/UnPolarizing,win,resigned,2014.03.13,https://www.chess.com/openings/Kings-Indian-Defense-Deferred-Fianchetto-Variation-5...O-O-6.Bg2-c5,Kings Indian Defense Deferred Fianchetto Variation 5...O O 6.Bg2 c5,18:23:31,18:28:22,33,resigned
,,https://www.chess.com/game/live/750958497?ref_id=74104030,750958497,blitz,2rr1k2/1q5p/2n1pp2/2pp1pP1/1p3n1P/1P1PRB2/P1P2P1K/4R3 w - -,black,2671,UnPolarizing,2312,https://www.chess.com/member/UnPolarizing,win,resigned,2014.03.13,https://www.chess.com/openings/Reti-Opening-Queens-Gambit-Invitation-2.b3,Reti Opening Queens Gambit Invitation 2.b3,18:35:32,18:40:38,39,resigned
,,https://www.chess.com/game/live/750966631?ref_id=74104030,750966631,blitz,5rk1/r1q2pbp/4b1p1/2p1p3/3pP3/1RpP1BPP/P1Q2P1K/1R2N3 w - -,black,2677,UnPolarizing,2308,https://www.chess.com/member/UnPolarizing,win,resigned,2014.03.13,https://www.chess.com/openings/Mieses-Opening,Mieses Opening,18:45:45,18:49:03,27,resigned
,,https://www.chess.com/game/live/750972499?ref_id=74104030,750972499,blitz,rnb1k1nr/pp2ppbp/3p2p1/2P5/4P3/3BB3/P1PNNPPP/q2QK2R w KQkq -,black,2683,UnPolarizing,2304,https://www.chess.com/member/UnPolarizing,win,resigned,2014.03.13,https://www.chess.com/openings/Modern-Defense-with-1-e4-2.d4-d6,Modern Defense with 1 e4 2.d4 d6,18:53:21,18:54:16,7,resigned
82.33,77.71,https://www.chess.com/game/live/752804342?ref_id=74104030,752804342,blitz,3Q4/p3P1kp/1pb2rp1/8/8/8/4r2P/6RK w - -,black,2731,Yaacovn,2468,https://www.chess.com/member/Yaacovn,win,resigned,2014.03.15,https://www.chess.com/openings/Dutch-Defense-Queens-Knight-Ozols-Variation-5.g3,Dutch Defense Queens Knight Ozols Variation 5.g3,21:59:48,22:05:27,40,resigned
86.26,78.25,https://www.chess.com/game/live/752811777?ref_id=74104030,752811777,blitz,r3r1k1/6b1/7p/6p1/2pNP3/p3RN2/Qq2K3/8 w - -,black,2739,Yaacovn,2462,https://www.chess.com/member/Yaacovn,win,resigned,2014.03.15,https://www.chess.com/openings/English-Opening-Symmetrical-Variation-2.Nf3-g6-3.e3-Bg7-4.d4,English Opening Symmetrical Variation 2.Nf3 g6 3.e3 Bg7 4.d4,22:11:10,22:16:52,41,resigned
91.22,85.4,https://www.chess.com/game/live/752818396?ref_id=74104030,752818396,blitz,8/8/1p1p4/1PnP4/1KP3k1/8/8/8 b - -,black,2745,Yaacovn,2456,https://www.chess.com/member/Yaacovn,win,resigned,2014.03.15,https://www.chess.com/openings/Kings-Indian-Defense-Normal-Variation-4.Nf3-d6-5.Bf4,Kings Indian Defense Normal Variation 4.Nf3 d6 5.Bf4,22:21:08,22:26:16,59,resigned
93.14,88.44,https://www.chess.com/game/live/752801207?ref_id=74104030,752801207,blitz,3r2k1/4Rp1p/3N3P/3p1pP1/PK1P1P2/8/8/6n1 b - -,white,2727,Yaacovn,2471,https://www.chess.com/member/Yaacovn,win,resigned,2014.03.15,https://www.chess.com/openings/Indian-Game-2.Bf4-e6,Indian Game 2.Bf4 e6,21:55:12,21:59:37,50,resigned
,,https://www.chess.com/game/live/752808247?ref_id=74104030,752808247,blitz,3R2k1/1R6/5np1/6p1/3P2P1/5PNK/r1r5/8 b - -,white,2735,Yaacovn,2465,https://www.chess.com/member/Yaacovn,win,resigned,2014.03.15,https://www.chess.com/openings/Indian-Game-2.Bf4-e6,Indian Game 2.Bf4 e6,22:05:35,22:10:55,55,resigned
,,https://www.chess.com/game/live/752815753?ref_id=74104030,752815753,blitz,1Rb4q/5pk1/2R3p1/r2p4/3PpP1b/4P2P/3Q3K/5B2 b - -,white,2742,Yaacovn,2459,https://www.chess.com/member/Yaacovn,win,resigned,2014.03.15,https://www.chess.com/openings/Slav-Defense-Modern-Breyer-Variation...6.Bg2-e6-7.O-O-Nbd7,Slav Defense Modern Breyer Variation...6.Bg2 e6 7.O O Nbd7,22:17:07,22:20:58,40,resigned
,,https://www.chess.com/game/live/752821901?ref_id=74104030,752821901,blitz,3b2r1/1R1k4/r3pp2/P1Pp1p1p/3P1B1P/3K2P1/5P2/4R3 b - -,white,2748,Yaacovn,2453,https://www.chess.com/member/Yaacovn,win,resigned,2014.03.15,https://www.chess.com/openings/Caro-Kann-Defense-Two-Knights-Attack...4.Nxe4-Nf6-5.Nxf6-gxf6,Caro Kann Defense Two Knights Attack...4.Nxe4 Nf6 5.Nxf6 gxf6,22:26:23,22:29:00,33,resigned
,,https://www.chess.com/game/live/752823690?ref_id=74104030,752823690,blitz,8/5p1k/3p2p1/3P2B1/1q2rP2/n2Q3P/1bp3P1/5RK1 w - -,black,2751,Yaacovn,2451,https://www.chess.com/member/Yaacovn,win,resigned,2014.03.15,https://www.chess.com/openings/Kings-Indian-Defense-Normal-Variation-4.Nf3-d6-5.Bf4,Kings Indian Defense Normal Variation 4.Nf3 d6 5.Bf4,22:29:18,22:34:00,34,resigned
80.56,78.21,https://www.chess.com/game/live/806491601?ref_id=74104030,806491601,blitz,8/2kb4/2P5/1P6/1K1N4/8/8/8 b - -,white,2755,wonderfultime,2440,https://www.chess.com/member/wonderfultime,win,timeout,2014.05.14,https://www.chess.com/openings/Queens-Pawn-Opening-Krause-Variation...4.Bf4-Nc6-5.e3-Nf6,Queens Pawn Opening Krause Variation...4.Bf4 Nc6 5.e3 Nf6,13:46:05,13:52:42,79,timeout
82.12,66.96,https://www.chess.com/game/live/806526348?ref_id=74104030,806526348,blitz,2r3k1/p4pb1/1p1P2pp/4r1n1/1BP1p2N/6Pq/P2Q1PK1/3RR3 w - -,black,2786,wonderfultime,2422,https://www.chess.com/member/wonderfultime,win,resigned,2014.05.14,https://www.chess.com/openings/English-Opening-Anglo-Indian-Defense...3.Bg2-Bg7-4.Nc3-c6,English Opening Anglo Indian Defense...3.Bg2 Bg7 4.Nc3 c6,14:35:12,14:39:03,29,resigned
84.58,78.77,https://www.chess.com/game/live/806523501?ref_id=74104030,806523501,blitz,q3b1k1/4bpp1/1p1Bp2p/pPn5/2P5/P3QNP1/3R1P1P/6K1 b - -,white,2783,wonderfultime,2424,https://www.chess.com/member/wonderfultime,win,resigned,2014.05.14,https://www.chess.com/openings/Old-Benoni-Defense-2.dxc5-e6,Old Benoni Defense 2.dxc5 e6,14:31:14,14:34:48,29,resigned
84.98,88.33,https://www.chess.com/game/live/806533094?ref_id=74104030,806533094,blitz,8/pKN5/1p6/1P6/1k6/8/8/8 b - -,black,2767,wonderfultime,2434,https://www.chess.com/member/wonderfultime,resigned,,2014.05.14,https://www.chess.com/openings/Kings-Indian-Attack-Double-Fianchetto-Variation-3.d4-Bg7-4.Bg2-c6-5.O-O,Kings Indian Attack Double Fianchetto Variation 3.d4 Bg7 4.Bg2 c6 5.O O,14:44:37,14:50:51,69,resigned
87.35,81.52,https://www.chess.com/game/live/806511914?ref_id=74104030,806511914,blitz,8/1Q6/8/8/8/8/2rr4/2k4K w - -,black,2774,wonderfultime,2430,https://www.chess.com/member/wonderfultime,win,resigned,2014.05.14,https://www.chess.com/openings/Caro-Kann-Defense-Gurgenidze-System-4.Nf3-Bg7-5.Be2-Bg4-6.Be3,Caro Kann Defense Gurgenidze System 4.Nf3 Bg7 5.Be2 Bg4 6.Be3,14:15:03,14:21:06,56,resigned
87.52,82.8,https://www.chess.com/game/live/806529361?ref_id=74104030,806529361,blitz,4r3/1k6/2pK4/2Pp1p2/5P2/1R2P3/8/8 b - -,white,2789,wonderfultime,2420,https://www.chess.com/member/wonderfultime,win,resigned,2014.05.14,https://www.chess.com/openings/Queens-Pawn-Opening-Torre-Attack-3...c6,Queens Pawn Opening Torre Attack 3...c6,14:39:27,14:44:13,54,resigned
88.02,75.5,https://www.chess.com/game/live/806502026?ref_id=74104030,806502026,blitz,4r1k1/1p5p/2q5/5B2/Pp6/1Pb3P1/2Qp3P/5R1K w - -,black,2767,wonderfultime,2434,https://www.chess.com/member/wonderfultime,win,resigned,2014.05.14,https://www.chess.com/openings/Kings-Indian-Attack-Double-Fianchetto-Variation-3.d4-Bg7-4.Bg2-c6-5.O-O,Kings Indian Attack Double Fianchetto Variation 3.d4 Bg7 4.Bg2 c6 5.O O,14:00:50,14:04:51,34,resigned
88.74,70.44,https://www.chess.com/game/live/806520930?ref_id=74104030,806520930,blitz,r5k1/4bp1p/6pP/pQ1R1b2/8/q1N1P3/1K3PP1/7R w - -,black,2780,wonderfultime,2426,https://www.chess.com/member/wonderfultime,win,checkmate,2014.05.14,https://www.chess.com/openings/Modern-Defense-with-1-d4,Modern Defense with 1 d4,14:27:36,14:30:39,27,checkmated
96.56,87.11,https://www.chess.com/game/live/806496560?ref_id=74104030,806496560,blitz,5rnk/p6p/1p2Ppp1/3Nq3/7P/6P1/P3QPBK/2r5 w - -,black,2759,wonderfultime,2438,https://www.chess.com/member/wonderfultime,win,resigned,2014.05.14,https://www.chess.com/openings/Reti-Opening-Sicilian-Invitation...7.Nc3-e6-8.O-O-Nge7,Reti Opening Sicilian Invitation...7.Nc3 e6 8.O O Nge7,13:52:56,13:56:00,29,resigned
,,https://www.chess.com/game/live/806499007?ref_id=74104030,806499007,blitz,5rk1/1p2b1pp/5p2/2PpPq2/1P6/2Q1PbB1/2P3PP/5RK1 b - -,white,2763,wonderfultime,2436,https://www.chess.com/member/wonderfultime,win,resigned,2014.05.14,https://www.chess.com/openings/Queens-Pawn-Opening-Torre-Gossip-Variation-4.Bf4,Queens Pawn Opening Torre Gossip Variation 4.Bf4,13:56:32,14:00:40,26,resigned
,,https://www.chess.com/game/live/806508403?ref_id=74104030,806508403,blitz,8/8/2K1k3/p1R5/1r6/1P6/P7/8 b - -,white,2771,wonderfultime,2432,https://www.chess.com/member/wonderfultime,win,resigned,2014.05.14,https://www.chess.com/openings/Queens-Pawn-Opening-Zukertort-Variation-2...e6-3.Bf4-Bd6,Queens Pawn Opening Zukertort Variation 2...e6 3.Bf4 Bd6,14:10:02,14:14:39,55,resigned
,,https://www.chess.com/game/live/806516524?ref_id=74104030,806516524,blitz,8/3k4/5PK1/6P1/8/4R3/4p3/4r3 b - -,white,2777,wonderfultime,2428,https://www.chess.com/member/wonderfultime,win,resigned,2014.05.14,https://www.chess.com/openings/Queens-Pawn-Opening-Krause-Variation...4.Bf4-Nc6-5.e3-Bd6,Queens Pawn Opening Krause Variation...4.Bf4 Nc6 5.e3 Bd6,14:21:47,14:27:25,62,resigned
78.1,89.4,https://www.chess.com/game/live/808728667?ref_id=74104030,808728667,blitz,1n1q2r1/4k3/1p2pRQ1/3pN1B1/p1pP3P/P1P5/8/6K1 b - -,black,2749,Cats4Sale,2343,https://www.chess.com/member/Cats4Sale,resigned,,2014.05.16,https://www.chess.com/openings/Owens-Defense...4.Qe2-e6-5.Nf3-d5-6.e5,Owens Defense...4.Qe2 e6 5.Nf3 d5 6.e5,23:34:11,23:37:32,34,resigned
84.58,85.04,https://www.chess.com/game/live/808724881?ref_id=74104030,808724881,blitz,8/1p2k1Q1/p2p1p2/2pP1P2/1qP5/8/8/2K5 b - -,white,2771,Cats4Sale,2328,https://www.chess.com/member/Cats4Sale,win,timeout,2014.05.16,https://www.chess.com/openings/Nimzowitsch-Larsen-Attack-Modern-Variation-2.Bb2-Nc6,Nimzowitsch Larsen Attack Modern Variation 2.Bb2 Nc6,23:27:37,23:34:02,100,timeout
85.63,81.71,https://www.chess.com/game/live/808730796?ref_id=74104030,808730796,blitz,r1r4q/5p1k/p2R1bp1/1p1p4/3P4/2P2Q2/P1B2PPP/4R1K1 b - -,white,2751,Cats4Sale,2342,https://www.chess.com/member/Cats4Sale,win,resigned,2014.05.16,https://www.chess.com/openings/Ruy-Lopez-Opening-Morphy-Defense-Closed-Yates-Bogoljubov-Variation...12.e5-Ne4-13.Nc3-Nxc3-14.bxc3,Ruy Lopez Opening Morphy Defense Closed Yates Bogoljubov Variation...12.e5 Ne4 13.Nc3 Nxc3 14.bxc3,23:37:51,23:40:50,27,resigned
86.29,79.83,https://www.chess.com/game/live/808732660?ref_id=74104030,808732660,blitz,7Q/2k2p2/8/2q5/4p3/8/6PP/2r3NK w - -,black,2753,Cats4Sale,2341,https://www.chess.com/member/Cats4Sale,win,resigned,2014.05.16,https://www.chess.com/openings/Sicilian-Defense-Open-Najdorf-Opocensky-Modern-Line-9.f4-Qc7-10.a4-Nbd7,Sicilian Defense Open Najdorf Opocensky Modern Line 9.f4 Qc7 10.a4 Nbd7,23:41:01,23:46:36,43,resigned
86.95,90.89,https://www.chess.com/game/live/808722254?ref_id=74104030,808722254,blitz,6r1/1kp2p2/p3b3/PpB1P3/1Np2K2/2P4r/1P1R4/3R4 w - -,black,2769,Cats4Sale,2329,https://www.chess.com/member/Cats4Sale,win,resigned,2014.05.16,https://www.chess.com/openings/Ruy-Lopez-Opening-Berlin-lHermet-Berlin-Wall-Defense-9.Nc3-Bd7-10.Rd1-Kc8,Ruy Lopez Opening Berlin lHermet Berlin Wall Defense 9.Nc3 Bd7 10.Rd1 Kc8,23:23:26,23:27:26,36,resigned
90.31,86.41,https://www.chess.com/game/live/808735936?ref_id=74104030,808735936,blitz,1r6/R1nk2p1/4p3/3pP3/3N2PP/3KP3/8/8 b - -,white,2755,Cats4Sale,2340,https://www.chess.com/member/Cats4Sale,win,resigned,2014.05.16,https://www.chess.com/openings/Ruy-Lopez-Opening-Morphy-Defense-Closed-Yates-Bogoljubov-Variation...12.e5-Ne4-13.Nc3-Nxc3-14.bxc3,Ruy Lopez Opening Morphy Defense Closed Yates Bogoljubov Variation...12.e5 Ne4 13.Nc3 Nxc3 14.bxc3,23:46:41,23:50:30,41,resigned
73.88,79.18,https://www.chess.com/game/live/817406167?ref_id=74104030,817406167,blitz,8/8/8/8/3p4/3R4/2k1K3/8 w - -,black,2766,GMharikrishna,2525,https://www.chess.com/member/GMharikrishna,win,timeout,2014.05.26,https://www.chess.com/openings/Reti-Opening,Reti Opening,17:43:42,17:50:15,72,timeout
77.33,87.99,https://www.chess.com/game/live/817475274?ref_id=74104030,817475274,blitz,r2r2k1/1bpR1pb1/1p2q2p/p3pQpP/4P3/2P1B3/PPB2PP1/3R2K1 w - -,black,2779,GMharikrishna,2513,https://www.chess.com/member/GMharikrishna,resigned,,2014.05.26,https://www.chess.com/openings/Modern-Defense-with-1-e4-2.d4-Bg7-3.Nf3,Modern Defense with 1 e4 2.d4 Bg7 3.Nf3,19:04:27,19:06:41,25,resigned
81.17,76.98,https://www.chess.com/game/live/817489136?ref_id=74104030,817489136,blitz,2k5/5r2/N4n2/1p1pp3/5b2/5P2/PPP3r1/1K1RR3 w - -,black,2782,GMharikrishna,2509,https://www.chess.com/member/GMharikrishna,win,timeout,2014.05.26,https://www.chess.com/openings/Owens-Defense-2.d4-Bb7-3.Bd3,Owens Defense 2.d4 Bb7 3.Bd3,19:21:06,19:26:10,36,timeout
82.37,73.83,https://www.chess.com/game/live/817465406?ref_id=74104030,817465406,blitz,3q2kb/p4p2/3p1Pn1/2pp3N/4r1R1/7P/P4QP1/7K w - -,black,2792,GMharikrishna,2502,https://www.chess.com/member/GMharikrishna,win,resigned,2014.05.26,https://www.chess.com/openings/Modern-Defense-with-1-e4-2.d4-Bg7-3.Nf3,Modern Defense with 1 e4 2.d4 Bg7 3.Nf3,18:52:47,18:57:55,35,resigned
84.15,78.49,https://www.chess.com/game/live/817450850?ref_id=74104030,817450850,blitz,4R3/8/6p1/7k/7Q/6P1/4K3/8 b - -,white,2782,GMharikrishna,2511,https://www.chess.com/member/GMharikrishna,win,checkmate,2014.05.26,https://www.chess.com/openings/Mieses-Opening-1...d5,Mieses Opening 1...d5,18:35:56,18:42:20,54,checkmated
84.17,91.32,https://www.chess.com/game/live/817429887?ref_id=74104030,817429887,blitz,3B4/2p2k2/2p5/5p2/4Pb2/1PP4p/2P2Kb1/5N2 b - -,white,2766,GMharikrishna,2525,https://www.chess.com/member/GMharikrishna,resigned,,2014.05.26,https://www.chess.com/openings/Nimzowitsch-Larsen-Attack-Modern-Variation-2.Bb2-d6-3.e3-Nf6,Nimzowitsch Larsen Attack Modern Variation 2.Bb2 d6 3.e3 Nf6,18:11:41,18:15:42,37,resigned
84.66,85.87,https://www.chess.com/game/live/817445399?ref_id=74104030,817445399,blitz,8/8/p6P/P7/4b3/1k2Bp2/2pK4/8 w - -,black,2778,GMharikrishna,2514,https://www.chess.com/member/GMharikrishna,win,timeout,2014.05.26,https://www.chess.com/openings/Owens-Defense...5.Bd3-Nf6-6.Qe2-d5-7.exd5,Owens Defense...5.Bd3 Nf6 6.Qe2 d5 7.exd5,18:29:36,18:35:37,50,timeout
85.2,85.05,https://www.chess.com/game/live/817439495?ref_id=74104030,817439495,blitz,8/8/8/2K5/3p4/8/8/1Q1k1q2 b - -,white,2774,GMharikrishna,2517,https://www.chess.com/member/GMharikrishna,win,timeout,2014.05.26,https://www.chess.com/openings/Mieses-Opening-1...d5-2.g3,Mieses Opening 1...d5 2.g3,18:22:54,18:29:20,74,timeout
85.76,80.94,https://www.chess.com/game/live/817469847?ref_id=74104030,817469847,blitz,8/3N1pk1/8/3PPPp1/4KnPp/5B2/7P/2b5 b - -,white,2795,GMharikrishna,2499,https://www.chess.com/member/GMharikrishna,win,timeout,2014.05.26,https://www.chess.com/openings/Caro-Kann-Defense-Breyer-Variation...6.Bg2-Ne7-7.O-O-O-O-8.Re1,Caro Kann Defense Breyer Variation...6.Bg2 Ne7 7.O O O O 8.Re1,18:58:11,19:04:18,50,timeout
86.47,76.61,https://www.chess.com/game/live/817420252?ref_id=74104030,817420252,blitz,2r3k1/5ppp/B2N4/2Pp1b2/n2P1b2/7P/P2R2P1/2K1R3 b - -,white,2780,GMharikrishna,2513,https://www.chess.com/member/GMharikrishna,win,resigned,2014.05.26,https://www.chess.com/openings/London-System-3...c6,London System 3...c6,18:00:20,18:05:04,28,resigned
86.58,79.36,https://www.chess.com/game/live/817477277?ref_id=74104030,817477277,blitz,4r3/2KRr1k1/8/8/2P2RP1/8/8/8 b - -,white,2782,GMharikrishna,2510,https://www.chess.com/member/GMharikrishna,win,resigned,2014.05.26,https://www.chess.com/openings/Mieses-Opening-1...c5,Mieses Opening 1...c5,19:06:55,19:12:39,48,resigned
89,72.19,https://www.chess.com/game/live/817411993?ref_id=74104030,817411993,blitz,3rk2R/1pp3r1/p1npBB2/5pP1/1PP5/P2P4/8/2Kb4 b - -,white,2771,GMharikrishna,2521,https://www.chess.com/member/GMharikrishna,win,resigned,2014.05.26,https://www.chess.com/openings/Mieses-Opening,Mieses Opening,17:50:29,17:53:32,28,resigned
89.35,88.15,https://www.chess.com/game/live/817433588?ref_id=74104030,817433588,blitz,8/8/8/7p/6rk/8/6R1/6K1 w - -,black,2770,GMharikrishna,2521,https://www.chess.com/member/GMharikrishna,win,timeout,2014.05.26,https://www.chess.com/openings/Kings-Pawn-Opening-St-George-Defense-2.d4,Kings Pawn Opening St George Defense 2.d4,18:16:01,18:22:30,74,timeout
89.78,88.98,https://www.chess.com/game/live/817460266?ref_id=74104030,817460266,blitz,8/7k/5Kp1/7p/7P/6P1/8/8 b - -,white,2789,GMharikrishna,2505,https://www.chess.com/member/GMharikrishna,win,timeout,2014.05.26,https://www.chess.com/openings/Kings-Indian-Attack-Sicilian-Variation...5.d3-g6-6.Nbd2-Bg7,Kings Indian Attack Sicilian Variation...5.d3 g6 6.Nbd2 Bg7,18:47:00,18:52:36,76,timeout
90.28,86.76,https://www.chess.com/game/live/817493704?ref_id=74104030,817493704,blitz,8/6kp/5p2/2R2N2/8/6K1/r6P/8 b - -,white,2785,GMharikrishna,2506,https://www.chess.com/member/GMharikrishna,win,timeout,2014.05.26,https://www.chess.com/openings/Grunfeld-Defense-Brinckmann-Attack...5.e3-c6-6.Nf3-O-O,Grunfeld Defense Brinckmann Attack...5.e3 c6 6.Nf3 O O,19:26:28,19:32:06,55,timeout
90.7,74.96,https://www.chess.com/game/live/817485481?ref_id=74104030,817485481,blitz,1r3k2/pbN2prp/3p1B1Q/2p1NqP1/5P2/1P2P3/P6P/5RK1 b - -,white,2779,GMharikrishna,2512,https://www.chess.com/member/GMharikrishna,win,resigned,2014.05.26,https://www.chess.com/openings/Nimzowitsch-Larsen-Attack-Indian-Variation-2.Bb2-e6-3.e3,Nimzowitsch Larsen Attack Indian Variation 2.Bb2 e6 3.e3,19:16:41,19:20:54,24,resigned
91.42,87.37,https://www.chess.com/game/live/817401433?ref_id=74104030,817401433,blitz,8/5pk1/1p2p1pn/p1p1PN1p/2P2P1P/P2Q1qP1/1P5K/8 b - -,white,2761,GMharikrishna,2529,https://www.chess.com/member/GMharikrishna,win,resigned,2014.05.26,https://www.chess.com/openings/Mieses-Opening-1...d5,Mieses Opening 1...d5,17:38:12,17:43:25,36,resigned
94.2,90.9,https://www.chess.com/game/live/817414793?ref_id=74104030,817414793,blitz,5R2/8/k7/5p2/1P4p1/5r1p/5P1K/8 w - -,black,2776,GMharikrishna,2517,https://www.chess.com/member/GMharikrishna,win,resigned,2014.05.26,https://www.chess.com/openings/Reti-Opening,Reti Opening,17:53:48,17:59:57,59,resigned
,,https://www.chess.com/game/live/817424510?ref_id=74104030,817424510,blitz,1R6/r5k1/3R2p1/r3N1b1/8/7P/2P2PP1/q5K1 w - -,black,2784,GMharikrishna,2509,https://www.chess.com/member/GMharikrishna,win,timeout,2014.05.26,https://www.chess.com/openings/Modern-Defense-Rat-Defense-Accelerated-Gurgenidze-Variation-4.Nf3,Modern Defense Rat Defense Accelerated Gurgenidze Variation 4.Nf3,18:05:19,18:11:26,38,timeout
,,https://www.chess.com/game/live/817456625?ref_id=74104030,817456625,blitz,r7/1b2n1bk/4q1pp/4p3/7N/4P3/6PP/1B1R1QK1 w - -,black,2786,GMharikrishna,2508,https://www.chess.com/member/GMharikrishna,win,resigned,2014.05.26,https://www.chess.com/openings/Modern-Defense-with-1-e4-2.d4-Bg7-3.Nf3,Modern Defense with 1 e4 2.d4 Bg7 3.Nf3,18:42:39,18:46:40,25,resigned
,,https://www.chess.com/game/live/817482189?ref_id=74104030,817482189,blitz,2rq2kr/4np2/pp2p2p/4Q3/2pp3P/3B4/P4PP1/R1B1K2R w KQ -,black,2776,GMharikrishna,2515,https://www.chess.com/member/GMharikrishna,agreed,,2014.05.26,https://www.chess.com/openings/Kings-Pawn-Opening-St-George-Defense-2.d4,Kings Pawn Opening St George Defense 2.d4,19:12:50,19:16:29,23,agreed
68.07,79.05,https://www.chess.com/game/live/817774494?ref_id=74104030,817774494,blitz,3k1R2/6P1/8/1Kp5/6r1/8/8/8 b - -,white,2796,JamesColeman,2256,https://www.chess.com/member/JamesColeman,win,resigned,2014.05.27,https://www.chess.com/openings/Queens-Pawn-Opening-Stonewall-Attack,Queens Pawn Opening Stonewall Attack,2:17:47,2:23:54,71,resigned
75.35,79.41,https://www.chess.com/game/live/817764896?ref_id=74104030,817764896,blitz,2b3k1/ppp2rbN/5p2/3N4/1n1n1BP1/1P6/q1BQ1P2/2KR3R w - -,black,2791,JamesColeman,2267,https://www.chess.com/member/JamesColeman,win,resigned,2014.05.27,https://www.chess.com/openings/Modern-Defense-with-1-d4-2.Nf3-Bg7,Modern Defense with 1 d4 2.Nf3 Bg7,1:59:25,2:03:22,25,resigned
83.39,77.81,https://www.chess.com/game/live/817759965?ref_id=74104030,817759965,blitz,6k1/5p2/N3p1p1/3pP3/3b2P1/8/5P2/6K1 w - -,black,2789,JamesColeman,2273,https://www.chess.com/member/JamesColeman,win,resigned,2014.05.27,https://www.chess.com/openings/Modern-Defense-with-1-e4-2.d4-Bg7-3.Nf3,Modern Defense with 1 e4 2.d4 Bg7 3.Nf3,1:50:01,1:54:00,35,resigned
84.91,85.25,https://www.chess.com/game/live/817780932?ref_id=74104030,817780932,blitz,3r3r/qkp2p1p/4p1p1/p3Pn2/1R3P2/1PP5/5QPP/R5K1 b - -,white,2798,JamesColeman,2252,https://www.chess.com/member/JamesColeman,win,resigned,2014.05.27,https://www.chess.com/openings/Queens-Pawn-Opening-Stonewall-Attack,Queens Pawn Opening Stonewall Attack,2:30:09,2:32:53,27,resigned
85.08,79.96,https://www.chess.com/game/live/817770902?ref_id=74104030,817770902,blitz,1k3r2/p1p1b3/Pp2p3/1P2P2p/2PPp3/4B1pP/4K1P1/5R2 b - -,white,2794,JamesColeman,2260,https://www.chess.com/member/JamesColeman,win,resigned,2014.05.27,https://www.chess.com/openings/Queens-Pawn-Opening-Stonewall-Attack,Queens Pawn Opening Stonewall Attack,2:11:00,2:14:14,33,resigned
85.3,81.46,https://www.chess.com/game/live/817753248?ref_id=74104030,817753248,blitz,8/6k1/1n2p3/1P1pPpBP/3P4/8/4K3/8 b - -,white,2786,JamesColeman,2282,https://www.chess.com/member/JamesColeman,win,resigned,2014.05.27,https://www.chess.com/openings/Queens-Pawn-Opening-Stonewall-Attack,Queens Pawn Opening Stonewall Attack,1:37:34,1:41:55,44,resigned
88.67,80.91,https://www.chess.com/game/live/817755618?ref_id=74104030,817755618,blitz,5r1r/1k6/p2n2pb/qp1Pp3/2p1P1b1/2P2NPp/2B1Q2P/4RRNK w - -,black,2787,JamesColeman,2279,https://www.chess.com/member/JamesColeman,win,resigned,2014.05.27,https://www.chess.com/openings/Modern-Defense-with-1-e4-2.d4-Bg7-3.Nf3,Modern Defense with 1 e4 2.d4 Bg7 3.Nf3,1:42:02,1:45:43,35,resigned
91.06,86.95,https://www.chess.com/game/live/817772707?ref_id=74104030,817772707,blitz,b4rk1/4pp2/p5p1/3Pp2p/P1p1P1nP/2q3N1/1rB1QPP1/2R1R1K1 w - -,black,2795,JamesColeman,2258,https://www.chess.com/member/JamesColeman,win,resigned,2014.05.27,https://www.chess.com/openings/Modern-Defense-Standard-Line-3...a6-4.Nf3,Modern Defense Standard Line 3...a6 4.Nf3,2:14:22,2:17:37,25,resigned
96.21,83.68,https://www.chess.com/game/live/817767073?ref_id=74104030,817767073,blitz,r1k5/pp3ppp/5n2/5p2/1P1P4/2N1PP2/1P1K2PP/R7 b - -,white,2792,JamesColeman,2264,https://www.chess.com/member/JamesColeman,win,resigned,2014.05.27,https://www.chess.com/openings/Queens-Pawn-Opening-Stonewall-Attack,Queens Pawn Opening Stonewall Attack,2:03:37,2:05:05,19,resigned
,,https://www.chess.com/game/live/817757819?ref_id=74104030,817757819,blitz,7r/7P/2Pk4/8/4BP2/3P4/8/6K1 b - -,white,2788,JamesColeman,2276,https://www.chess.com/member/JamesColeman,win,resigned,2014.05.27,https://www.chess.com/openings/Mieses-Opening-1...d5,Mieses Opening 1...d5,1:46:01,1:49:52,46,resigned
,,https://www.chess.com/game/live/817762157?ref_id=74104030,817762157,blitz,6k1/6p1/1p3p1p/1Pn2N2/1PP5/7P/6PK/8 b - -,white,2790,JamesColeman,2270,https://www.chess.com/member/JamesColeman,win,resigned,2014.05.27,https://www.chess.com/openings/Queens-Pawn-Opening-Stonewall-Attack,Queens Pawn Opening Stonewall Attack,1:54:12,1:59:14,45,resigned
,,https://www.chess.com/game/live/817767952?ref_id=74104030,817767952,blitz,8/8/2K3kP/pp6/3p1pB1/1P3n2/P7/8 b - -,black,2793,JamesColeman,2262,https://www.chess.com/member/JamesColeman,win,resigned,2014.05.27,https://www.chess.com/openings/Modern-Defense-with-1-d4-2.Nf3-Bg7,Modern Defense with 1 d4 2.Nf3 Bg7,2:05:14,2:10:48,48,resigned
,,https://www.chess.com/game/live/817779152?ref_id=74104030,817779152,blitz,8/4p1k1/p5p1/P2r1p2/2Nb3p/5P1P/2R1K1P1/8 w - -,black,2797,JamesColeman,2254,https://www.chess.com/member/JamesColeman,win,resigned,2014.05.27,https://www.chess.com/openings/Modern-Defense-Standard-Line...7.Nf3-Bb7-8.a4-b4-9.Ne2,Modern Defense Standard Line...7.Nf3 Bb7 8.a4 b4 9.Ne2,2:26:42,2:29:57,36,resigned
,,https://www.chess.com/game/live/817783950?ref_id=74104030,817783950,blitz,5r1k/2r2n2/b3p2P/3n4/1p1PB3/5R2/1P1B2P1/R5K1 b - -,white,2799,Th3ChessViking,2344,https://www.chess.com/member/Th3ChessViking,win,timeout,2014.05.27,https://www.chess.com/openings/Indian-Game-2.e3-e6-3.Bd3,Indian Game 2.e3 e6 3.Bd3,2:36:18,2:41:44,41,timeout
,,https://www.chess.com/game/live/817786994?ref_id=74104030,817786994,blitz,6k1/1q3ppp/2b1p3/3p4/n1pP4/bpP1PB1P/rP1Q1PPB/1R3NK1 w - -,black,2800,Th3ChessViking,2343,https://www.chess.com/member/Th3ChessViking,win,resigned,2014.05.27,https://www.chess.com/openings/Queens-Pawn-Opening-St-George-Defense,Queens Pawn Opening St George Defense,2:42:02,2:44:15,25,resigned
71.71,19.11,https://www.chess.com/game/live/831588563?ref_id=74104030,831588563,blitz,6r1/P6R/P1p2r1k/2Pp4/6pP/3B1pKp/8/8 b - -,white,2809,hansen,2587,https://www.chess.com/member/hansen,win,checkmate,2014.06.11,https://www.chess.com/openings/Indian-Game-2.Bf4-d6,Indian Game 2.Bf4 d6,12:45:18,12:51:31,54,checkmated
78.53,72.5,https://www.chess.com/game/live/831621604?ref_id=74104030,831621604,blitz,8/6kp/6p1/p7/P3PP2/rB6/1K4PP/8 b - -,white,2822,Nouki,2516,https://www.chess.com/member/Nouki,win,resigned,2014.06.11,https://www.chess.com/openings/Grunfeld-Defense-Brinckmann-Grunfeld-Gambit-6.Qb3-c6,Grunfeld Defense Brinckmann Grunfeld Gambit 6.Qb3 c6,13:34:57,13:39:21,37,resigned
78.76,74.96,https://www.chess.com/game/live/831585074?ref_id=74104030,831585074,blitz,5r1k/6b1/6Qp/2pP3P/5q2/2n2N2/5pB1/R6K w - -,black,2805,hansen,2591,https://www.chess.com/member/hansen,win,resigned,2014.06.11,https://www.chess.com/openings/Reti-Opening-Kingside-Fianchetto-Variation-2.g3-Bg7-3.Bg2-d6-4.O-O,Reti Opening Kingside Fianchetto Variation 2.g3 Bg7 3.Bg2 d6 4.O O,12:40:10,12:45:05,36,resigned
79.65,77.91,https://www.chess.com/game/live/831624774?ref_id=74104030,831624774,blitz,1k2K3/3Q4/1q6/2pPp3/2P1P3/4b3/5p2/8 w - -,black,2824,Nouki,2512,https://www.chess.com/member/Nouki,win,timeout,2014.06.11,https://www.chess.com/openings/Queens-Pawn-Opening,Queens Pawn Opening,13:39:43,13:45:47,68,timeout
83.11,83,https://www.chess.com/game/live/831603910?ref_id=74104030,831603910,blitz,8/8/3K4/8/k7/8/8/8 b - -,black,2819,hansen,2579,https://www.chess.com/member/hansen,insufficient,,2014.06.11,https://www.chess.com/openings/Modern-Defense-Standard-Line-3...a6-4.Nf3,Modern Defense Standard Line 3...a6 4.Nf3,13:08:43,13:14:57,69,insufficient
84.56,79.46,https://www.chess.com/game/live/831601714?ref_id=74104030,831601714,blitz,8/N2k1p2/1p1np2p/3p4/3P1R1P/2PB4/PP4r1/2K5 b - -,white,2824,hansen,2574,https://www.chess.com/member/hansen,win,resigned,2014.06.11,https://www.chess.com/openings/Trompowsky-Attack-2...d5-3.Nd2-Nbd7-4.e3,Trompowsky Attack 2...d5 3.Nd2 Nbd7 4.e3,13:05:19,13:08:24,35,resigned
84.72,77.94,https://www.chess.com/game/live/831598589?ref_id=74104030,831598589,blitz,5bk1/R1N1r3/2p2n1p/1p4p1/3Q4/1PN1P1q1/8/5K2 b - -,black,2821,hansen,2577,https://www.chess.com/member/hansen,win,resigned,2014.06.11,https://www.chess.com/openings/Queens-Pawn-Opening...2.g3-g6-3.Bg2-Bg7-4.Nf3,Queens Pawn Opening...2.g3 g6 3.Bg2 Bg7 4.Nf3,13:00:36,13:05:08,43,resigned
85.04,84.51,https://www.chess.com/game/live/831632773?ref_id=74104030,831632773,blitz,6Q1/R7/3p3k/p1p1p2p/2P1P3/2P3P1/4q3/6K1 b - -,black,2820,Nouki,2517,https://www.chess.com/member/Nouki,repetition,,2014.06.11,https://www.chess.com/openings/Modern-Defense-Pterodactyl-Beefeater-Variation-6.e4-fxe4-7.f3,Modern Defense Pterodactyl Beefeater Variation 6.e4 fxe4 7.f3,13:51:04,13:55:41,56,repetition
85.36,71.95,https://www.chess.com/game/live/831611949?ref_id=74104030,831611949,blitz,5r1k/3p2pp/1p1N4/pP2P2n/P2q4/8/2P2RbP/2R3K1 w - -,black,2825,hansen,2573,https://www.chess.com/member/hansen,win,resigned,2014.06.11,https://www.chess.com/openings/Sicilian-Defense-Katalimov-Variation...4.Nxd4-Bb7-5.Nc3-a6-6.Bd3,Sicilian Defense Katalimov Variation...4.Nxd4 Bb7 5.Nc3 a6 6.Bd3,13:20:44,13:25:53,33,resigned
86.2,81.49,https://www.chess.com/game/live/831592793?ref_id=74104030,831592793,blitz,1r4RQ/2k5/8/2p1p3/4P3/1q4K1/8/8 w - -,black,2813,hansen,2583,https://www.chess.com/member/hansen,win,resigned,2014.06.11,https://www.chess.com/openings/Reti-Opening-Kingside-Fianchetto-Variation,Reti Opening Kingside Fianchetto Variation,12:51:47,12:57:51,55,resigned
87,86.7,https://www.chess.com/game/live/831640818?ref_id=74104030,831640818,blitz,8/8/8/8/4K3/8/3Nk3/8 b - -,black,2816,Nouki,2521,https://www.chess.com/member/Nouki,insufficient,,2014.06.11,https://www.chess.com/openings/Modern-Defense-Pterodactyl-Beefeater-Variation-6.e4-fxe4-7.f3,Modern Defense Pterodactyl Beefeater Variation 6.e4 fxe4 7.f3,14:02:06,14:06:23,55,insufficient
87.88,76.87,https://www.chess.com/game/live/831596933?ref_id=74104030,831596933,blitz,2r4r/b2qkpn1/p3p3/1pNpP2p/1P1N1Pp1/P2B2P1/5QP1/2R2RK1 b - -,white,2817,hansen,2580,https://www.chess.com/member/hansen,win,resigned,2014.06.11,https://www.chess.com/openings/Trompowsky-Attack-2...d5-3.Nd2-Nbd7-4.e3,Trompowsky Attack 2...d5 3.Nd2 Nbd7 4.e3,12:58:02,13:00:21,29,resigned
88.75,84.38,https://www.chess.com/game/live/831608236?ref_id=74104030,831608236,blitz,6k1/8/Rp4pp/3p1p2/3P3P/P1n5/8/7K b - -,white,2822,hansen,2576,https://www.chess.com/member/hansen,win,resigned,2014.06.11,https://www.chess.com/openings/Old-Benoni-Defense-2.e3-e6,Old Benoni Defense 2.e3 e6,13:15:13,13:20:26,44,resigned
94.01,94.07,https://www.chess.com/game/live/831615668?ref_id=74104030,831615668,blitz,8/8/8/1k4N1/8/6K1/8/8 b - -,white,2820,hansen,2578,https://www.chess.com/member/hansen,insufficient,,2014.06.11,https://www.chess.com/openings/Trompowsky-Attack-2...d5-3.Nd2-Nbd7-4.e3,Trompowsky Attack 2...d5 3.Nd2 Nbd7 4.e3,13:26:22,13:33:06,89,insufficient
,,https://www.chess.com/game/live/831629373?ref_id=74104030,831629373,blitz,2r5/1R4B1/4pkp1/p7/3b3P/P4P2/1P3P2/6K1 b - -,white,2826,Nouki,2508,https://www.chess.com/member/Nouki,win,resigned,2014.06.11,https://www.chess.com/openings/Indian-Game...3.e3-c5-4.c3-Nc6,Indian Game...3.e3 c5 4.c3 Nc6,13:46:03,13:50:40,37,resigned
,,https://www.chess.com/game/live/831636338?ref_id=74104030,831636338,blitz,8/8/2k1p3/8/PP1K4/8/8/8 b - -,white,2822,Nouki,2513,https://www.chess.com/member/Nouki,win,resigned,2014.06.11,https://www.chess.com/openings/Nimzowitsch-Larsen-Attack-Modern-Variation...3.e3-Nf6-4.Bb5-Bd6,Nimzowitsch Larsen Attack Modern Variation...3.e3 Nf6 4.Bb5 Bd6,13:56:04,14:01:49,62,resigned
63.71,65.91,https://www.chess.com/game/live/887662705?ref_id=74104030,887662705,blitz,3k3r/2p5/B4p2/Q4NBp/P3P1nP/8/5P1q/6K1 w - -,black,2812,wonderfultime,2488,https://www.chess.com/member/wonderfultime,win,timeout,2014.08.15,https://www.chess.com/openings/Queens-Gambit-Accepted-Alekhine-Variation-4.a4,Queens Gambit Accepted Alekhine Variation 4.a4,8:05:21,8:10:45,32,timeout
75.31,70.59,https://www.chess.com/game/live/887675659?ref_id=74104030,887675659,blitz,7R/b7/2p2k1p/P4P2/7P/3n4/5r2/3K4 w - -,black,2830,wonderfultime,2475,https://www.chess.com/member/wonderfultime,win,resigned,2014.08.15,https://www.chess.com/openings/Dutch-Defense-Hopton-Attack-2...c6-3.e3-Qb6,Dutch Defense Hopton Attack 2...c6 3.e3 Qb6,8:31:32,8:37:03,51,resigned
77.6,73.55,https://www.chess.com/game/live/887681165?ref_id=74104030,887681165,blitz,4R3/8/8/8/p4r2/K3pk2/P7/8 w - -,black,2813,wonderfultime,2488,https://www.chess.com/member/wonderfultime,win,timeout,2014.08.15,https://www.chess.com/openings/Dutch-Defense-2.Nf3-g6,Dutch Defense 2.Nf3 g6,8:42:52,8:49:20,78,timeout
77.9,72.47,https://www.chess.com/game/live/887674022?ref_id=74104030,887674022,blitz,1r5k/p3R1pp/4N3/3r1p2/6n1/1B3N1P/1P4P1/6K1 b - -,white,2827,wonderfultime,2477,https://www.chess.com/member/wonderfultime,win,resigned,2014.08.15,https://www.chess.com/openings/Indian-Game-East-Indian-Defense-3.Nc3-b6-4.e4,Indian Game East Indian Defense 3.Nc3 b6 4.e4,8:27:56,8:30:49,30,resigned
81.26,86.05,https://www.chess.com/game/live/887678738?ref_id=74104030,887678738,blitz,5r2/2RR3p/4np1k/4q1p1/6P1/5P2/7K/8 w - -,white,2810,wonderfultime,2490,https://www.chess.com/member/wonderfultime,resigned,,2014.08.15,https://www.chess.com/openings/Kings-Indian-Defense-Samisch-Steiner-Attack-6...c5-7.d5,Kings Indian Defense Samisch Steiner Attack 6...c5 7.d5,8:37:39,8:41:53,48,resigned
82.22,87.47,https://www.chess.com/game/live/887658358?ref_id=74104030,887658358,blitz,8/2K2pk1/6p1/1P6/2RPR2b/6P1/5r2/8 w - -,black,2804,wonderfultime,2494,https://www.chess.com/member/wonderfultime,resigned,,2014.08.15,https://www.chess.com/openings/Modern-Defense-with-1-d4-2.c4-Bg7-3.Nf3-d6-4.g3,Modern Defense with 1 d4 2.c4 Bg7 3.Nf3 d6 4.g3,7:56:12,8:00:55,53,resigned
85.51,81.14,https://www.chess.com/game/live/887652663?ref_id=74104030,887652663,blitz,7K/5k1P/6n1/8/8/8/8/8 w - -,black,2823,wonderfultime,2479,https://www.chess.com/member/wonderfultime,win,checkmate,2014.08.15,https://www.chess.com/openings/English-Opening-Anglo-Indian-Kings-Knight-Queens-Indian-Formation...6.O-O-O-O-7.Nc3-Ne4,English Opening Anglo Indian Kings Knight Queens Indian Formation...6.O O O O 7.Nc3 Ne4,7:44:45,7:51:09,79,checkmated
86.25,77.89,https://www.chess.com/game/live/887656213?ref_id=74104030,887656213,blitz,8/8/p4NKP/1p6/4p3/P3k3/8/8 b - -,white,2826,wonderfultime,2477,https://www.chess.com/member/wonderfultime,win,resigned,2014.08.15,https://www.chess.com/openings/Slav-Defense-Exchange-Variation...7.Bd3-e6-8.Rc1-Bd6,Slav Defense Exchange Variation...7.Bd3 e6 8.Rc1 Bd6,7:51:43,7:55:28,48,resigned
89.48,84.27,https://www.chess.com/game/live/887669857?ref_id=74104030,887669857,blitz,8/8/3kp3/3p1p1p/1P1P1P2/K3nNP1/P6P/8 b - -,white,2821,wonderfultime,2481,https://www.chess.com/member/wonderfultime,win,resigned,2014.08.15,https://www.chess.com/openings/Slav-Defense-Exchange-Variation...5.Bf4-e6-6.e3-Bd6,Slav Defense Exchange Variation...5.Bf4 e6 6.e3 Bd6,8:19:40,8:24:17,55,resigned
90.23,77.05,https://www.chess.com/game/live/887666012?ref_id=74104030,887666012,blitz,5r1k/2R3Rp/3n3q/p3Q3/1p3Pp1/8/PP4KP/8 b - -,white,2815,wonderfultime,2485,https://www.chess.com/member/wonderfultime,win,resigned,2014.08.15,https://www.chess.com/openings/Slav-Defense-Exchange-Variation...8.Rc1-Bd6-9.Bxd6-Qxd6-10.f4,Slav Defense Exchange Variation...8.Rc1 Bd6 9.Bxd6 Qxd6 10.f4,8:12:00,8:16:02,33,resigned
91.3,84.8,https://www.chess.com/game/live/887649469?ref_id=74104030,887649469,blitz,4R1k1/8/5KP1/8/2b5/8/4p3/8 b - -,white,2820,wonderfultime,2482,https://www.chess.com/member/wonderfultime,win,checkmate,2014.08.15,https://www.chess.com/openings/Slav-Defense-Exchange-Variation...5.Bf4-e6-6.e3-Bd6,Slav Defense Exchange Variation...5.Bf4 e6 6.e3 Bd6,7:38:01,7:43:52,70,checkmated
91.36,84.28,https://www.chess.com/game/live/887668377?ref_id=74104030,887668377,blitz,r4r2/pp2p1bk/n1pp2pp/3P2Q1/2P1q2N/P5P1/1P3P2/3RR1K1 w - -,black,2818,wonderfultime,2483,https://www.chess.com/member/wonderfultime,win,resigned,2014.08.15,https://www.chess.com/openings/Dutch-Defense-Leningrad-Warsaw-Variation-8.Qc2,Dutch Defense Leningrad Warsaw Variation 8.Qc2,8:16:32,8:19:06,22,resigned
94.08,85.91,https://www.chess.com/game/live/887660993?ref_id=74104030,887660993,blitz,4R3/kpr5/5p1P/b2p1N2/p2P4/6P1/PP3P2/3K4 b - -,white,2808,wonderfultime,2491,https://www.chess.com/member/wonderfultime,win,resigned,2014.08.15,https://www.chess.com/openings/Queens-Gambit-Declined-Exchange-Positional-Line...8.Bxf6-Qxf6-9.Qxf6-gxf6-10.h4,Queens Gambit Declined Exchange Positional Line...8.Bxf6 Qxf6 9.Qxf6 gxf6 10.h4,8:01:30,8:04:26,36,resigned
,,https://www.chess.com/game/live/887672488?ref_id=74104030,887672488,blitz,3r4/8/1pp1bk2/p2B1p2/2P5/1P1R1KP1/P7/8 w - -,black,2824,wonderfultime,2479,https://www.chess.com/member/wonderfultime,win,resigned,2014.08.15,https://www.chess.com/openings/Queens-Pawn-Opening...2.g3-g6-3.Bg2-Bg7-4.Nf3,Queens Pawn Opening...2.g3 g6 3.Bg2 Bg7 4.Nf3,8:24:54,8:27:31,40,resigned
68.7,86.16,https://www.chess.com/game/live/895807303?ref_id=74104030,895807303,blitz,r3r1k1/pp3p2/2p2Bq1/3b4/7R/3P3P/PP3QP1/R6K b - -,black,2801,ExceptionallyDubious,2437,https://www.chess.com/member/ExceptionallyDubious,resigned,,2014.08.24,https://www.chess.com/openings/Caro-Kann-Defense-Modern-Variation-3...g6-4.Ngf3-Bg7,Caro Kann Defense Modern Variation 3...g6 4.Ngf3 Bg7,14:20:36,14:25:02,27,resigned
77.64,78.23,https://www.chess.com/game/live/895818365?ref_id=74104030,895818365,blitz,8/8/1k1K4/p7/1p6/8/8/r7 w - -,white,2787,ExceptionallyDubious,2447,https://www.chess.com/member/ExceptionallyDubious,timeout,,2014.08.24,https://www.chess.com/openings/Catalan-Opening-Closed-4...Be7-5.Nf3-O-O-6.O-O,Catalan Opening Closed 4...Be7 5.Nf3 O O 6.O O,14:35:25,14:42:06,105,timeout
82.23,77.91,https://www.chess.com/game/live/895792392?ref_id=74104030,895792392,blitz,8/5p1p/5k2/8/r2r1R2/3P2P1/5PKP/8 b - -,black,2815,ExceptionallyDubious,2428,https://www.chess.com/member/ExceptionallyDubious,win,resigned,2014.08.24,https://www.chess.com/openings/French-Defense-Chigorin-Variation,French Defense Chigorin Variation,14:00:36,14:06:05,54,resigned
84.26,78.94,https://www.chess.com/game/live/895796757?ref_id=74104030,895796757,blitz,1Q2b1r1/8/1P2nk2/8/2P5/P1KPP3/8/8 b - -,white,2817,ExceptionallyDubious,2426,https://www.chess.com/member/ExceptionallyDubious,win,resigned,2014.08.24,https://www.chess.com/openings/Mieses-Opening,Mieses Opening,14:06:11,14:10:25,43,resigned
91.56,69.71,https://www.chess.com/game/live/895803720?ref_id=74104030,895803720,blitz,1Q1n3r/1P3ppp/pkp1pqn1/8/8/8/P4PPP/1R3RK1 b - -,white,2821,ExceptionallyDubious,2422,https://www.chess.com/member/ExceptionallyDubious,win,resigned,2014.08.24,https://www.chess.com/openings/Queens-Gambit-Declined-Chigorin-Main-Line-4.cxd5,Queens Gambit Declined Chigorin Main Line 4.cxd5,14:15:48,14:20:18,24,resigned
95.11,85.61,https://www.chess.com/game/live/895810768?ref_id=74104030,895810768,blitz,6R1/8/8/7p/8/4K1k1/8/8 b - -,white,2804,ExceptionallyDubious,2435,https://www.chess.com/member/ExceptionallyDubious,win,timeout,2014.08.24,https://www.chess.com/openings/Undefined,Undefined,14:25:12,14:31:11,66,timeout
,,https://www.chess.com/game/live/895799867?ref_id=74104030,895799867,blitz,5k2/5n2/2qP2R1/7p/5Q1P/6P1/5P1K/2r5 w - -,black,2819,ExceptionallyDubious,2424,https://www.chess.com/member/ExceptionallyDubious,win,resigned,2014.08.24,https://www.chess.com/openings/Queens-Pawn-Opening...2.g3-g6-3.Bg2-Bg7-4.Nf3,Queens Pawn Opening...2.g3 g6 3.Bg2 Bg7 4.Nf3,14:10:29,14:15:38,42,resigned
,,https://www.chess.com/game/live/895815320?ref_id=74104030,895815320,blitz,2r5/6k1/1p5R/3BP3/b7/1p2P1P1/2p1K2P/8 w - -,black,2806,ExceptionallyDubious,2433,https://www.chess.com/member/ExceptionallyDubious,win,resigned,2014.08.24,https://www.chess.com/openings/Neo-Grunfeld-Defense-Classical-Original-Defense-7.Nc3-dxc4-8.a4,Neo Grunfeld Defense Classical Original Defense 7.Nc3 dxc4 8.a4,14:31:18,14:35:18,45,resigned